fecha,Homicidio_Homicidio-doloso,Clave_Ent
31/01/17,5,1
31/01/17,47,3
31/01/17,7,4
31/01/17,7,31
31/01/17,19,5
31/01/17,69,6
31/01/17,115,30
31/01/17,46,7
31/01/17,121,8
31/01/17,7,29
31/01/17,92,9
31/01/17,15,10
31/01/17,45,28
31/01/17,88,11
31/01/17,47,32
31/01/17,165,12
31/01/17,30,13
31/01/17,65,26
31/01/17,102,14
31/01/17,164,15
31/01/17,99,25
31/01/17,114,16
31/01/17,56,17
31/01/17,37,24
31/01/17,4,18
31/01/17,44,19
31/01/17,13,23
31/01/17,69,20
31/01/17,51,21
31/01/17,28,27
31/01/17,129,2
31/01/17,12,22
28/02/17,6,4
28/02/17,2,1
28/02/17,125,2
28/02/17,12,22
28/02/17,140,15
28/02/17,10,18
28/02/17,34,6
28/02/17,32,24
28/02/17,50,17
28/02/17,13,13
28/02/17,89,11
28/02/17,48,26
28/02/17,33,32
28/02/17,45,3
28/02/17,113,30
28/02/17,46,7
28/02/17,55,21
28/02/17,49,28
28/02/17,62,20
28/02/17,93,14
28/02/17,6,31
28/02/17,34,27
28/02/17,103,25
28/02/17,145,8
28/02/17,10,29
28/02/17,18,10
28/02/17,20,5
28/02/17,46,19
28/02/17,108,16
28/02/17,174,12
28/02/17,17,23
28/02/17,69,9
31/03/17,18,10
31/03/17,42,7
31/03/17,16,13
31/03/17,62,3
31/03/17,118,8
31/03/17,41,28
31/03/17,38,32
31/03/17,59,17
31/03/17,11,29
31/03/17,167,15
31/03/17,105,16
31/03/17,8,4
31/03/17,119,25
31/03/17,151,2
31/03/17,72,21
31/03/17,4,1
31/03/17,20,23
31/03/17,16,5
31/03/17,3,31
31/03/17,97,14
31/03/17,68,20
31/03/17,26,27
31/03/17,48,26
31/03/17,8,18
31/03/17,48,6
31/03/17,60,19
31/03/17,26,24
31/03/17,81,11
31/03/17,209,12
31/03/17,14,22
31/03/17,152,30
31/03/17,71,9
30/04/17,10,29
30/04/17,120,25
30/04/17,6,4
30/04/17,4,31
30/04/17,15,13
30/04/17,54,19
30/04/17,24,5
30/04/17,14,3
30/04/17,100,16
30/04/17,100,8
30/04/17,6,1
30/04/17,101,20
30/04/17,5,18
30/04/17,58,17
30/04/17,41,32
30/04/17,33,6
30/04/17,23,24
30/04/17,43,7
30/04/17,113,30
30/04/17,24,23
30/04/17,89,9
30/04/17,187,12
30/04/17,105,14
30/04/17,146,2
30/04/17,27,27
30/04/17,45,28
30/04/17,21,10
30/04/17,68,21
30/04/17,88,11
30/04/17,181,15
30/04/17,67,26
30/04/17,21,22
31/05/17,90,11
31/05/17,10,1
31/05/17,139,8
31/05/17,185,2
31/05/17,2,31
31/05/17,45,17
31/05/17,63,20
31/05/17,71,28
31/05/17,60,26
31/05/17,32,27
31/05/17,38,7
31/05/17,23,5
31/05/17,113,14
31/05/17,10,18
31/05/17,85,16
31/05/17,26,3
31/05/17,81,21
31/05/17,26,23
31/05/17,43,24
31/05/17,52,6
31/05/17,214,12
31/05/17,137,30
31/05/17,38,32
31/05/17,9,29
31/05/17,13,13
31/05/17,19,10
31/05/17,5,4
31/05/17,143,25
31/05/17,73,19
31/05/17,194,15
31/05/17,101,9
31/05/17,8,22
30/06/17,88,11
30/06/17,125,25
30/06/17,8,4
30/06/17,26,27
30/06/17,65,21
30/06/17,170,15
30/06/17,43,24
30/06/17,111,14
30/06/17,205,12
30/06/17,17,10
30/06/17,45,7
30/06/17,158,30
30/06/17,78,6
30/06/17,21,5
30/06/17,34,23
30/06/17,34,3
30/06/17,70,20
30/06/17,21,22
30/06/17,84,16
30/06/17,94,9
30/06/17,1,31
30/06/17,13,18
30/06/17,170,8
30/06/17,186,2
30/06/17,10,29
30/06/17,66,26
30/06/17,63,19
30/06/17,10,13
30/06/17,42,17
30/06/17,12,1
30/06/17,33,32
30/06/17,83,28
31/07/17,191,12
31/07/17,82,6
31/07/17,149,15
31/07/17,87,11
31/07/17,13,18
31/07/17,78,9
31/07/17,3,4
31/07/17,54,26
31/07/17,3,1
31/07/17,46,24
31/07/17,35,23
31/07/17,10,22
31/07/17,34,27
31/07/17,86,16
31/07/17,2,31
31/07/17,107,8
31/07/17,174,2
31/07/17,8,29
31/07/17,9,13
31/07/17,54,32
31/07/17,42,19
31/07/17,44,17
31/07/17,34,7
31/07/17,74,20
31/07/17,101,14
31/07/17,57,28
31/07/17,40,3
31/07/17,114,25
31/07/17,94,21
31/07/17,25,5
31/07/17,152,30
31/07/17,13,10
31/08/17,36,27
31/08/17,38,23
31/08/17,56,26
31/08/17,20,22
31/08/17,7,4
31/08/17,6,31
31/08/17,37,19
31/08/17,7,5
31/08/17,95,16
31/08/17,65,32
31/08/17,119,8
31/08/17,10,1
31/08/17,11,29
31/08/17,75,20
31/08/17,23,13
31/08/17,47,17
31/08/17,25,10
31/08/17,41,7
31/08/17,130,14
31/08/17,38,3
31/08/17,101,25
31/08/17,153,30
31/08/17,86,11
31/08/17,87,9
31/08/17,23,18
31/08/17,188,12
31/08/17,148,15
31/08/17,72,21
31/08/17,197,2
31/08/17,69,28
31/08/17,48,24
31/08/17,55,6
30/09/17,76,28
30/09/17,82,25
30/09/17,5,4
30/09/17,14,10
30/09/17,11,29
30/09/17,10,1
30/09/17,48,19
30/09/17,19,5
30/09/17,96,16
30/09/17,133,8
30/09/17,185,12
30/09/17,103,14
30/09/17,54,17
30/09/17,172,15
30/09/17,160,30
30/09/17,44,24
30/09/17,32,27
30/09/17,48,6
30/09/17,64,26
30/09/17,81,11
30/09/17,36,18
30/09/17,2,31
30/09/17,96,9
30/09/17,39,7
30/09/17,57,32
30/09/17,19,22
30/09/17,230,2
30/09/17,48,3
30/09/17,32,23
30/09/17,64,20
30/09/17,16,13
30/09/17,86,21
31/10/17,36,24
31/10/17,69,32
31/10/17,117,11
31/10/17,95,9
31/10/17,135,8
31/10/17,197,12
31/10/17,81,25
31/10/17,121,16
31/10/17,67,20
31/10/17,39,18
31/10/17,15,10
31/10/17,12,13
31/10/17,61,19
31/10/17,8,29
31/10/17,129,14
31/10/17,84,21
31/10/17,0,31
31/10/17,34,17
31/10/17,65,26
31/10/17,14,22
31/10/17,37,27
31/10/17,48,23
31/10/17,176,30
31/10/17,3,4
31/10/17,14,5
31/10/17,105,3
31/10/17,194,15
31/10/17,93,28
31/10/17,9,1
31/10/17,34,7
31/10/17,206,2
31/10/17,64,6
30/11/17,192,12
30/11/17,17,5
30/11/17,93,28
30/11/17,81,9
30/11/17,171,15
30/11/17,2,31
30/11/17,35,23
30/11/17,5,1
30/11/17,28,24
30/11/17,124,14
30/11/17,19,10
30/11/17,10,29
30/11/17,80,25
30/11/17,45,18
30/11/17,178,2
30/11/17,11,13
30/11/17,80,26
30/11/17,118,16
30/11/17,42,17
30/11/17,97,11
30/11/17,42,32
30/11/17,90,3
30/11/17,31,7
30/11/17,4,4
30/11/17,59,6
30/11/17,98,21
30/11/17,141,30
30/11/17,35,27
30/11/17,74,20
30/11/17,49,19
30/11/17,9,22
30/11/17,129,8
31/12/17,76,6
31/12/17,37,23
31/12/17,17,5
31/12/17,45,24
31/12/17,61,3
31/12/17,137,16
31/12/17,16,13
31/12/17,181,15
31/12/17,95,9
31/12/17,34,32
31/12/17,15,29
31/12/17,83,25
31/12/17,150,8
31/12/17,68,20
31/12/17,44,18
31/12/17,44,17
31/12/17,36,7
31/12/17,152,30
31/12/17,36,19
31/12/17,41,27
31/12/17,4,4
31/12/17,54,26
31/12/17,92,11
31/12/17,68,21
31/12/17,6,1
31/12/17,177,2
31/12/17,15,22
31/12/17,134,14
31/12/17,203,12
31/12/17,2,31
31/12/17,77,28
31/12/17,22,10
31/01/18,212,2
31/01/18,124,8
31/01/18,59,17
31/01/18,44,26
31/01/18,35,3
31/01/18,65,20
31/01/18,4,4
31/01/18,9,1
31/01/18,76,25
31/01/18,12,10
31/01/18,115,14
31/01/18,41,18
31/01/18,56,6
31/01/18,172,11
31/01/18,14,22
31/01/18,103,16
31/01/18,45,19
31/01/18,32,27
31/01/18,74,9
31/01/18,131,30
31/01/18,23,5
31/01/18,30,24
31/01/18,31,32
31/01/18,20,13
31/01/18,40,23
31/01/18,41,7
31/01/18,71,28
31/01/18,204,12
31/01/18,82,21
31/01/18,192,15
31/01/18,2,31
31/01/18,13,29
28/02/18,16,29
28/02/18,110,8
28/02/18,33,23
28/02/18,24,18
28/02/18,83,20
28/02/18,41,32
28/02/18,46,7
28/02/18,86,21
28/02/18,44,19
28/02/18,36,26
28/02/18,18,10
28/02/18,63,17
28/02/18,156,11
28/02/18,33,27
28/02/18,164,12
28/02/18,161,15
28/02/18,183,2
28/02/18,14,13
28/02/18,115,9
28/02/18,4,31
28/02/18,18,3
28/02/18,37,24
28/02/18,124,30
28/02/18,64,25
28/02/18,7,4
28/02/18,134,14
28/02/18,51,6
28/02/18,10,22
28/02/18,15,5
28/02/18,109,16
28/02/18,7,1
28/02/18,69,28
31/03/18,51,7
31/03/18,224,11
31/03/18,24,3
31/03/18,147,30
31/03/18,44,23
31/03/18,32,27
31/03/18,208,2
31/03/18,55,17
31/03/18,52,6
31/03/18,57,26
31/03/18,43,24
31/03/18,2,4
31/03/18,5,1
31/03/18,92,20
31/03/18,86,25
31/03/18,174,15
31/03/18,167,14
31/03/18,16,10
31/03/18,15,22
31/03/18,19,13
31/03/18,95,16
31/03/18,1,31
31/03/18,113,8
31/03/18,118,9
31/03/18,42,18
31/03/18,40,19
31/03/18,205,12
31/03/18,48,32
31/03/18,14,5
31/03/18,7,29
31/03/18,94,21
31/03/18,97,28
30/04/18,240,2
30/04/18,41,24
30/04/18,81,28
30/04/18,201,12
30/04/18,8,1
30/04/18,175,15
30/04/18,131,9
30/04/18,134,30
30/04/18,50,7
30/04/18,7,10
30/04/18,97,25
30/04/18,153,14
30/04/18,104,21
30/04/18,12,22
30/04/18,99,16
30/04/18,116,8
30/04/18,36,27
30/04/18,58,26
30/04/18,216,11
30/04/18,8,29
30/04/18,14,3
30/04/18,46,17
30/04/18,36,32
30/04/18,103,20
30/04/18,46,6
30/04/18,12,13
30/04/18,8,31
30/04/18,3,4
30/04/18,61,19
30/04/18,57,23
30/04/18,31,18
30/04/18,19,5
31/05/18,12,3
31/05/18,195,8
31/05/18,58,19
31/05/18,34,18
31/05/18,18,10
31/05/18,96,28
31/05/18,91,20
31/05/18,166,14
31/05/18,42,32
31/05/18,237,11
31/05/18,98,21
31/05/18,3,31
31/05/18,53,17
31/05/18,49,6
31/05/18,9,1
31/05/18,184,15
31/05/18,14,22
31/05/18,55,26
31/05/18,67,23
31/05/18,4,4
31/05/18,53,27
31/05/18,115,9
31/05/18,14,29
31/05/18,105,16
31/05/18,22,5
31/05/18,198,12
31/05/18,50,24
31/05/18,52,7
31/05/18,135,30
31/05/18,239,2
31/05/18,85,25
31/05/18,19,13
30/06/18,34,19
30/06/18,16,22
30/06/18,6,1
30/06/18,43,7
30/06/18,44,32
30/06/18,6,29
30/06/18,65,28
30/06/18,5,13
30/06/18,59,23
30/06/18,123,9
30/06/18,1,31
30/06/18,134,30
30/06/18,22,10
30/06/18,220,2
30/06/18,86,16
30/06/18,10,4
30/06/18,53,27
30/06/18,23,5
30/06/18,43,24
30/06/18,105,25
30/06/18,41,17
30/06/18,54,26
30/06/18,182,12
30/06/18,6,3
30/06/18,146,14
30/06/18,208,8
30/06/18,198,11
30/06/18,80,20
30/06/18,184,15
30/06/18,86,21
30/06/18,52,6
30/06/18,33,18
31/07/18,4,1
31/07/18,272,2
31/07/18,11,31
31/07/18,213,15
31/07/18,17,5
31/07/18,17,10
31/07/18,78,28
31/07/18,156,14
31/07/18,12,29
31/07/18,189,12
31/07/18,95,23
31/07/18,22,13
31/07/18,121,16
31/07/18,6,3
31/07/18,65,27
31/07/18,41,24
31/07/18,26,18
31/07/18,76,25
31/07/18,78,26
31/07/18,6,4
31/07/18,213,8
31/07/18,120,9
31/07/18,41,6
31/07/18,224,11
31/07/18,95,21
31/07/18,57,7
31/07/18,109,30
31/07/18,14,22
31/07/18,76,17
31/07/18,48,32
31/07/18,70,19
31/07/18,68,20
31/08/18,188,15
31/08/18,22,13
31/08/18,67,28
31/08/18,10,29
31/08/18,18,22
31/08/18,81,25
31/08/18,220,8
31/08/18,109,9
31/08/18,176,12
31/08/18,47,32
31/08/18,24,18
31/08/18,5,1
31/08/18,127,16
31/08/18,60,19
31/08/18,179,14
31/08/18,6,31
31/08/18,82,20
31/08/18,9,4
31/08/18,74,26
31/08/18,244,11
31/08/18,14,10
31/08/18,98,21
31/08/18,45,7
31/08/18,119,30
31/08/18,44,24
31/08/18,242,2
31/08/18,45,27
31/08/18,14,3
31/08/18,43,17
31/08/18,18,5
31/08/18,87,23
31/08/18,49,6
30/09/18,59,32
30/09/18,70,17
30/09/18,263,11
30/09/18,22,5
30/09/18,93,21
30/09/18,5,4
30/09/18,135,8
30/09/18,91,26
30/09/18,22,22
30/09/18,10,1
30/09/18,25,18
30/09/18,35,27
30/09/18,20,3
30/09/18,51,6
30/09/18,72,25
30/09/18,74,19
30/09/18,100,9
30/09/18,11,10
30/09/18,32,24
30/09/18,188,12
30/09/18,82,23
30/09/18,135,16
30/09/18,209,15
30/09/18,126,30
30/09/18,11,29
30/09/18,64,28
30/09/18,184,14
30/09/18,2,31
30/09/18,53,7
30/09/18,239,2
30/09/18,19,13
30/09/18,80,20
31/10/18,61,23
31/10/18,255,2
31/10/18,23,18
31/10/18,7,22
31/10/18,46,28
31/10/18,38,27
31/10/18,83,19
31/10/18,68,26
31/10/18,225,15
31/10/18,14,5
31/10/18,171,12
31/10/18,110,9
31/10/18,5,4
31/10/18,88,21
31/10/18,192,14
31/10/18,228,11
31/10/18,94,25
31/10/18,13,13
31/10/18,14,10
31/10/18,5,3
31/10/18,5,31
31/10/18,104,8
31/10/18,55,32
31/10/18,3,1
31/10/18,12,29
31/10/18,35,24
31/10/18,124,30
31/10/18,44,7
31/10/18,78,20
31/10/18,65,17
31/10/18,145,16
31/10/18,69,6
30/11/18,83,19
30/11/18,2,31
30/11/18,42,27
30/11/18,60,25
30/11/18,60,26
30/11/18,7,4
30/11/18,4,3
30/11/18,5,29
30/11/18,102,9
30/11/18,174,12
30/11/18,213,15
30/11/18,253,2
30/11/18,52,28
30/11/18,20,5
30/11/18,63,23
30/11/18,31,24
30/11/18,95,21
30/11/18,110,30
30/11/18,139,8
30/11/18,53,6
30/11/18,189,14
30/11/18,41,7
30/11/18,87,20
30/11/18,205,11
30/11/18,5,1
30/11/18,55,17
30/11/18,21,13
30/11/18,103,16
30/11/18,13,10
30/11/18,14,18
30/11/18,16,22
30/11/18,57,32
31/12/18,3,31
31/12/18,12,18
31/12/18,4,1
31/12/18,147,9
31/12/18,242,11
31/12/18,67,17
31/12/18,65,28
31/12/18,8,29
31/12/18,110,16
31/12/18,53,32
31/12/18,48,6
31/12/18,74,20
31/12/18,231,15
31/12/18,39,7
31/12/18,179,14
31/12/18,21,5
31/12/18,235,2
31/12/18,18,10
31/12/18,104,30
31/12/18,30,24
31/12/18,75,23
31/12/18,94,19
31/12/18,86,21
31/12/18,67,25
31/12/18,44,27
31/12/18,4,3
31/12/18,7,4
31/12/18,70,26
31/12/18,170,12
31/12/18,17,13
31/12/18,132,8
31/12/18,22,22
31/01/19,117,16
31/01/19,92,19
31/01/19,9,1
31/01/19,236,15
31/01/19,78,21
31/01/19,49,7
31/01/19,36,27
31/01/19,202,14
31/01/19,5,10
31/01/19,77,20
31/01/19,234,2
31/01/19,70,25
31/01/19,118,30
31/01/19,162,8
31/01/19,2,31
31/01/19,13,3
31/01/19,59,6
31/01/19,3,4
31/01/19,13,22
31/01/19,26,13
31/01/19,142,12
31/01/19,53,28
31/01/19,132,9
31/01/19,39,32
31/01/19,34,24
31/01/19,13,18
31/01/19,73,17
31/01/19,70,26
31/01/19,15,29
31/01/19,57,23
31/01/19,225,11
31/01/19,29,5
28/02/19,7,1
28/02/19,5,31
28/02/19,124,30
28/02/19,60,23
28/02/19,119,21
28/02/19,63,25
28/02/19,63,20
28/02/19,11,18
28/02/19,204,14
28/02/19,47,7
28/02/19,5,3
28/02/19,105,19
28/02/19,35,32
28/02/19,52,27
28/02/19,5,4
28/02/19,48,26
28/02/19,81,17
28/02/19,254,11
28/02/19,45,6
28/02/19,15,10
28/02/19,29,24
28/02/19,16,13
28/02/19,16,22
28/02/19,113,9
28/02/19,19,5
28/02/19,7,29
28/02/19,121,16
28/02/19,135,12
28/02/19,59,28
28/02/19,184,2
28/02/19,151,8
28/02/19,207,15
31/03/19,243,15
31/03/19,143,30
31/03/19,48,6
31/03/19,106,16
31/03/19,11,18
31/03/19,115,12
31/03/19,35,7
31/03/19,11,10
31/03/19,85,17
31/03/19,18,22
31/03/19,9,1
31/03/19,52,25
31/03/19,248,11
31/03/19,173,8
31/03/19,46,32
31/03/19,100,21
31/03/19,2,31
31/03/19,2,4
31/03/19,73,20
31/03/19,25,13
31/03/19,57,27
31/03/19,66,26
31/03/19,47,24
31/03/19,157,9
31/03/19,65,19
31/03/19,61,28
31/03/19,166,14
31/03/19,20,5
31/03/19,12,29
31/03/19,54,23
31/03/19,181,2
31/03/19,13,3
30/04/19,220,15
30/04/19,99,16
30/04/19,4,4
30/04/19,62,26
30/04/19,114,9
30/04/19,61,19
30/04/19,77,17
30/04/19,82,20
30/04/19,13,22
30/04/19,9,3
30/04/19,42,7
30/04/19,170,14
30/04/19,36,32
30/04/19,73,25
30/04/19,236,11
30/04/19,176,8
30/04/19,111,12
30/04/19,3,31
30/04/19,6,1
30/04/19,64,27
30/04/19,28,24
30/04/19,17,5
30/04/19,69,23
30/04/19,53,28
30/04/19,194,2
30/04/19,82,21
30/04/19,14,29
30/04/19,52,6
30/04/19,124,30
30/04/19,12,18
30/04/19,14,13
30/04/19,12,10
31/05/19,218,11
31/05/19,157,9
31/05/19,85,20
31/05/19,15,22
31/05/19,2,31
31/05/19,209,8
31/05/19,124,30
31/05/19,208,15
31/05/19,9,4
31/05/19,68,17
31/05/19,65,26
31/05/19,113,21
31/05/19,10,1
31/05/19,6,3
31/05/19,231,2
31/05/19,59,6
31/05/19,21,13
31/05/19,50,27
31/05/19,111,16
31/05/19,22,5
31/05/19,32,23
31/05/19,12,29
31/05/19,47,28
31/05/19,71,25
31/05/19,155,14
31/05/19,18,18
31/05/19,147,12
31/05/19,36,24
31/05/19,19,10
31/05/19,78,19
31/05/19,38,7
31/05/19,49,32
30/06/19,117,9
30/06/19,65,25
30/06/19,87,21
30/06/19,50,6
30/06/19,98,20
30/06/19,241,2
30/06/19,6,1
30/06/19,202,11
30/06/19,11,22
30/06/19,205,8
30/06/19,139,12
30/06/19,8,10
30/06/19,142,30
30/06/19,85,19
30/06/19,31,13
30/06/19,5,4
30/06/19,77,17
30/06/19,2,31
30/06/19,48,23
30/06/19,16,5
30/06/19,201,15
30/06/19,43,32
30/06/19,3,3
30/06/19,22,29
30/06/19,55,28
30/06/19,177,14
30/06/19,148,16
30/06/19,39,24
30/06/19,128,26
30/06/19,45,7
30/06/19,19,18
30/06/19,50,27
31/07/19,34,24
31/07/19,69,23
31/07/19,17,22
31/07/19,30,13
31/07/19,61,6
31/07/19,67,28
31/07/19,68,17
31/07/19,39,27
31/07/19,20,5
31/07/19,260,2
31/07/19,155,12
31/07/19,46,7
31/07/19,14,18
31/07/19,91,20
31/07/19,5,3
31/07/19,7,29
31/07/19,2,31
31/07/19,129,16
31/07/19,49,32
31/07/19,216,15
31/07/19,98,26
31/07/19,127,30
31/07/19,7,4
31/07/19,169,14
31/07/19,100,21
31/07/19,115,9
31/07/19,70,25
31/07/19,5,1
31/07/19,74,19
31/07/19,185,11
31/07/19,206,8
31/07/19,21,10
31/08/19,18,13
31/08/19,106,26
31/08/19,163,16
31/08/19,58,6
31/08/19,40,24
31/08/19,135,12
31/08/19,86,21
31/08/19,17,22
31/08/19,14,5
31/08/19,40,27
31/08/19,36,7
31/08/19,7,3
31/08/19,36,32
31/08/19,12,29
31/08/19,206,15
31/08/19,12,4
31/08/19,155,14
31/08/19,75,25
31/08/19,95,9
31/08/19,13,18
31/08/19,248,2
31/08/19,74,19
31/08/19,14,10
31/08/19,186,8
31/08/19,127,30
31/08/19,64,23
31/08/19,61,28
31/08/19,94,20
31/08/19,2,1
31/08/19,80,17
31/08/19,222,11
31/08/19,1,31
30/09/19,94,12
30/09/19,29,13
30/09/19,90,26
30/09/19,11,1
30/09/19,55,7
30/09/19,74,17
30/09/19,106,30
30/09/19,40,32
30/09/19,15,18
30/09/19,213,2
30/09/19,45,24
30/09/19,87,21
30/09/19,57,23
30/09/19,177,16
30/09/19,17,29
30/09/19,181,8
30/09/19,60,6
30/09/19,93,9
30/09/19,6,4
30/09/19,21,5
30/09/19,46,27
30/09/19,191,15
30/09/19,74,20
30/09/19,49,28
30/09/19,9,10
30/09/19,218,11
30/09/19,69,19
30/09/19,79,25
30/09/19,166,14
30/09/19,5,31
30/09/19,20,22
30/09/19,6,3
31/10/19,103,30
31/10/19,11,4
31/10/19,7,3
31/10/19,62,23
31/10/19,64,19
31/10/19,13,5
31/10/19,1,31
31/10/19,15,18
31/10/19,218,2
31/10/19,54,27
31/10/19,77,17
31/10/19,247,11
31/10/19,161,14
31/10/19,11,1
31/10/19,66,25
31/10/19,12,10
31/10/19,61,28
31/10/19,176,15
31/10/19,87,21
31/10/19,50,6
31/10/19,95,9
31/10/19,8,29
31/10/19,165,16
31/10/19,45,32
31/10/19,36,24
31/10/19,130,12
31/10/19,31,7
31/10/19,99,20
31/10/19,109,26
31/10/19,26,13
31/10/19,188,8
31/10/19,9,22
30/11/19,78,21
30/11/19,86,17
30/11/19,79,20
30/11/19,54,19
30/11/19,51,23
30/11/19,13,18
30/11/19,16,13
30/11/19,48,24
30/11/19,156,16
30/11/19,210,15
30/11/19,72,25
30/11/19,157,14
30/11/19,12,22
30/11/19,112,26
30/11/19,265,11
30/11/19,48,28
30/11/19,95,30
30/11/19,3,31
30/11/19,5,3
30/11/19,42,27
30/11/19,10,29
30/11/19,198,8
30/11/19,9,10
30/11/19,7,1
30/11/19,3,4
30/11/19,62,6
30/11/19,138,12
30/11/19,14,5
30/11/19,106,9
30/11/19,52,7
30/11/19,48,32
30/11/19,217,2
31/12/19,65,17
31/12/19,49,28
31/12/19,135,14
31/12/19,15,10
31/12/19,188,16
31/12/19,5,31
31/12/19,35,13
31/12/19,35,27
31/12/19,255,11
31/12/19,139,12
31/12/19,62,23
31/12/19,2,3
31/12/19,57,6
31/12/19,92,21
31/12/19,16,5
31/12/19,6,4
31/12/19,49,7
31/12/19,68,19
31/12/19,15,22
31/12/19,146,8
31/12/19,8,1
31/12/19,102,9
31/12/19,225,15
31/12/19,13,29
31/12/19,66,25
31/12/19,14,18
31/12/19,98,30
31/12/19,185,2
31/12/19,37,24
31/12/19,108,26
31/12/19,44,32
31/12/19,96,20
31/01/20,74,21
31/01/20,162,8
31/01/20,149,14
31/01/20,57,17
31/01/20,67,19
31/01/20,38,7
31/01/20,54,25
31/01/20,4,4
31/01/20,26,5
31/01/20,104,26
31/01/20,58,28
31/01/20,39,24
31/01/20,18,18
31/01/20,102,12
31/01/20,3,10
31/01/20,39,32
31/01/20,58,6
31/01/20,193,2
31/01/20,49,27
31/01/20,12,22
31/01/20,91,20
31/01/20,3,31
31/01/20,4,1
31/01/20,29,13
31/01/20,98,30
31/01/20,169,16
31/01/20,182,15
31/01/20,308,11
31/01/20,59,23
31/01/20,106,9
31/01/20,14,29
31/01/20,6,3
29/02/20,6,31
29/02/20,43,24
29/02/20,14,10
29/02/20,257,11
29/02/20,47,27
29/02/20,170,2
29/02/20,73,19
29/02/20,9,4
29/02/20,35,7
29/02/20,53,25
29/02/20,105,26
29/02/20,95,9
29/02/20,173,8
29/02/20,14,18
29/02/20,9,1
29/02/20,102,30
29/02/20,9,29
29/02/20,56,6
29/02/20,11,22
29/02/20,56,20
29/02/20,97,12
29/02/20,53,32
29/02/20,177,16
29/02/20,73,28
29/02/20,203,15
29/02/20,12,5
29/02/20,2,3
29/02/20,65,23
29/02/20,70,17
29/02/20,22,13
29/02/20,71,21
29/02/20,128,14
31/03/20,69,25
31/03/20,224,8
31/03/20,169,14
31/03/20,26,22
31/03/20,182,16
31/03/20,80,19
31/03/20,2,3
31/03/20,225,2
31/03/20,13,29
31/03/20,2,31
31/03/20,10,18
31/03/20,64,23
31/03/20,46,28
31/03/20,100,30
31/03/20,77,17
31/03/20,27,7
31/03/20,83,20
31/03/20,82,21
31/03/20,8,4
31/03/20,7,1
31/03/20,260,15
31/03/20,21,5
31/03/20,120,9
31/03/20,30,13
31/03/20,86,26
31/03/20,282,11
31/03/20,54,27
31/03/20,128,12
31/03/20,43,24
31/03/20,49,6
31/03/20,12,10
31/03/20,52,32
30/04/20,11,22
30/04/20,54,6
30/04/20,56,32
30/04/20,116,30
30/04/20,10,18
30/04/20,4,1
30/04/20,11,5
30/04/20,221,8
30/04/20,104,26
30/04/20,111,9
30/04/20,51,25
30/04/20,92,21
30/04/20,75,20
30/04/20,22,13
30/04/20,5,29
30/04/20,16,10
30/04/20,40,24
30/04/20,30,27
30/04/20,220,2
30/04/20,3,31
30/04/20,213,15
30/04/20,3,4
30/04/20,276,11
30/04/20,76,19
30/04/20,78,17
30/04/20,155,14
30/04/20,175,16
30/04/20,50,23
30/04/20,116,12
30/04/20,3,3
30/04/20,33,7
30/04/20,47,28
31/05/20,77,20
31/05/20,203,15
31/05/20,13,10
31/05/20,56,25
31/05/20,7,3
31/05/20,240,2
31/05/20,6,4
31/05/20,32,7
31/05/20,51,28
31/05/20,282,11
31/05/20,66,32
31/05/20,31,27
31/05/20,96,9
31/05/20,54,24
31/05/20,50,6
31/05/20,107,12
31/05/20,2,31
31/05/20,76,21
31/05/20,92,30
31/05/20,144,14
31/05/20,17,18
31/05/20,153,16
31/05/20,11,1
31/05/20,5,29
31/05/20,9,5
31/05/20,18,22
31/05/20,194,8
31/05/20,22,13
31/05/20,78,19
31/05/20,125,26
31/05/20,41,23
31/05/20,64,17
30/06/20,49,28
30/06/20,144,30
30/06/20,21,5
30/06/20,11,18
30/06/20,42,6
30/06/20,40,7
30/06/20,66,17
30/06/20,5,4
30/06/20,50,24
30/06/20,6,31
30/06/20,185,15
30/06/20,132,16
30/06/20,8,29
30/06/20,5,3
30/06/20,227,8
30/06/20,87,19
30/06/20,33,23
30/06/20,96,9
30/06/20,101,26
30/06/20,197,2
30/06/20,30,13
30/06/20,78,12
30/06/20,70,25
30/06/20,65,21
30/06/20,8,22
30/06/20,7,10
30/06/20,286,11
30/06/20,147,14
30/06/20,57,20
30/06/20,75,32
30/06/20,36,27
30/06/20,8,1
31/07/20,10,1
31/07/20,70,24
31/07/20,90,9
31/07/20,143,16
31/07/20,69,25
31/07/20,55,28
31/07/20,63,32
31/07/20,7,4
31/07/20,54,27
31/07/20,6,3
31/07/20,4,31
31/07/20,289,11
31/07/20,60,19
31/07/20,42,7
31/07/20,117,26
31/07/20,245,2
31/07/20,22,5
31/07/20,213,8
31/07/20,105,30
31/07/20,15,22
31/07/20,63,20
31/07/20,76,21
31/07/20,19,10
31/07/20,63,17
31/07/20,10,18
31/07/20,9,29
31/07/20,86,12
31/07/20,34,6
31/07/20,51,23
31/07/20,33,13
31/07/20,202,15
31/07/20,152,14
31/08/20,3,31
31/08/20,160,16
31/08/20,250,2
31/08/20,9,29
31/08/20,131,14
31/08/20,244,8
31/08/20,73,9
31/08/20,70,32
31/08/20,270,11
31/08/20,48,7
31/08/20,9,4
31/08/20,6,1
31/08/20,63,17
31/08/20,33,13
31/08/20,45,23
31/08/20,29,6
31/08/20,111,12
31/08/20,12,18
31/08/20,82,21
31/08/20,130,30
31/08/20,129,26
31/08/20,72,24
31/08/20,74,19
31/08/20,45,27
31/08/20,16,5
31/08/20,8,3
31/08/20,65,25
31/08/20,51,28
31/08/20,203,15
31/08/20,23,22
31/08/20,71,20
31/08/20,19,10
30/09/20,70,32
30/09/20,14,5
30/09/20,42,27
30/09/20,144,14
30/09/20,3,3
30/09/20,2,1
30/09/20,11,22
30/09/20,151,16
30/09/20,7,4
30/09/20,69,25
30/09/20,307,11
30/09/20,29,7
30/09/20,4,31
30/09/20,229,2
30/09/20,70,19
30/09/20,15,29
30/09/20,43,28
30/09/20,14,13
30/09/20,58,17
30/09/20,12,10
30/09/20,73,9
30/09/20,108,26
30/09/20,92,30
30/09/20,162,8
30/09/20,64,21
30/09/20,14,18
30/09/20,50,20
30/09/20,203,15
30/09/20,52,24
30/09/20,93,12
30/09/20,39,6
30/09/20,55,23
31/10/20,109,12
31/10/20,41,27
31/10/20,15,5
31/10/20,5,3
31/10/20,26,13
31/10/20,95,9
31/10/20,287,11
31/10/20,36,7
31/10/20,80,17
31/10/20,119,26
31/10/20,82,30
31/10/20,4,1
31/10/20,62,21
31/10/20,62,32
31/10/20,44,23
31/10/20,12,10
31/10/20,46,6
31/10/20,215,15
31/10/20,20,18
31/10/20,9,4
31/10/20,40,28
31/10/20,5,29
31/10/20,59,19
31/10/20,66,20
31/10/20,206,2
31/10/20,5,31
31/10/20,186,8
31/10/20,183,16
31/10/20,64,25
31/10/20,65,24
31/10/20,143,14
31/10/20,22,22
30/11/20,12,29
30/11/20,109,26
30/11/20,177,16
30/11/20,2,4
30/11/20,84,9
30/11/20,12,18
30/11/20,106,30
30/11/20,141,8
30/11/20,84,32
30/11/20,133,14
30/11/20,60,17
30/11/20,15,13
30/11/20,3,31
30/11/20,6,10
30/11/20,62,21
30/11/20,44,23
30/11/20,46,6
30/11/20,190,15
30/11/20,96,12
30/11/20,52,20
30/11/20,5,1
30/11/20,225,2
30/11/20,48,24
30/11/20,33,7
30/11/20,13,22
30/11/20,277,11
30/11/20,50,25
30/11/20,5,3
30/11/20,37,27
30/11/20,30,28
30/11/20,72,19
30/11/20,20,5
31/12/20,68,20
31/12/20,159,14
31/12/20,11,31
31/12/20,11,18
31/12/20,30,23
31/12/20,66,17
31/12/20,30,25
31/12/20,20,13
31/12/20,10,3
31/12/20,10,10
31/12/20,66,21
31/12/20,89,9
31/12/20,45,24
31/12/20,51,19
31/12/20,99,12
31/12/20,41,6
31/12/20,43,27
31/12/20,182,15
31/12/20,7,5
31/12/20,229,2
31/12/20,126,30
31/12/20,2,1
31/12/20,99,32
31/12/20,238,11
31/12/20,5,29
31/12/20,29,28
31/12/20,12,22
31/12/20,123,26
31/12/20,26,7
31/12/20,8,4
31/12/20,174,16
31/12/20,149,8
31/01/21,158,15
31/01/21,8,29
31/01/21,32,27
31/01/21,79,19
31/01/21,67,20
31/01/21,85,9
31/01/21,35,28
31/01/21,41,7
31/01/21,87,12
31/01/21,244,2
31/01/21,109,32
31/01/21,6,31
31/01/21,53,25
31/01/21,22,18
31/01/21,254,11
31/01/21,29,23
31/01/21,108,30
31/01/21,160,8
31/01/21,49,6
31/01/21,71,17
31/01/21,125,26
31/01/21,5,4
31/01/21,6,3
31/01/21,156,14
31/01/21,10,10
31/01/21,160,16
31/01/21,3,1
31/01/21,15,5
31/01/21,59,24
31/01/21,17,13
31/01/21,15,22
31/01/21,61,21
28/02/21,9,5
28/02/21,47,21
28/02/21,46,23
28/02/21,48,25
28/02/21,110,26
28/02/21,80,9
28/02/21,152,8
28/02/21,56,17
28/02/21,93,30
28/02/21,40,27
28/02/21,1,3
28/02/21,52,24
28/02/21,39,28
28/02/21,26,7
28/02/21,217,11
28/02/21,166,16
28/02/21,6,29
28/02/21,14,22
28/02/21,11,4
28/02/21,18,18
28/02/21,5,1
28/02/21,95,32
28/02/21,19,13
28/02/21,11,10
28/02/21,87,12
28/02/21,58,20
28/02/21,69,19
28/02/21,178,14
28/02/21,217,2
28/02/21,3,31
28/02/21,205,15
28/02/21,48,6
31/03/21,6,31
31/03/21,7,3
31/03/21,72,20
31/03/21,80,32
31/03/21,240,2
31/03/21,6,4
31/03/21,16,22
31/03/21,76,21
31/03/21,106,30
31/03/21,6,1
31/03/21,81,19
31/03/21,17,18
31/03/21,272,11
31/03/21,27,13
31/03/21,34,27
31/03/21,39,6
31/03/21,13,29
31/03/21,9,5
31/03/21,84,17
31/03/21,17,10
31/03/21,67,24
31/03/21,159,14
31/03/21,98,12
31/03/21,40,28
31/03/21,52,7
31/03/21,176,8
31/03/21,142,26
31/03/21,50,23
31/03/21,79,9
31/03/21,207,15
31/03/21,188,16
31/03/21,42,25
30/04/21,171,8
30/04/21,46,27
30/04/21,10,29
30/04/21,99,17
30/04/21,11,10
30/04/21,40,25
30/04/21,3,4
30/04/21,163,14
30/04/21,42,28
30/04/21,277,11
30/04/21,96,30
30/04/21,59,20
30/04/21,180,15
30/04/21,15,5
30/04/21,37,6
30/04/21,74,9
30/04/21,147,26
30/04/21,193,16
30/04/21,71,21
30/04/21,61,23
30/04/21,81,19
30/04/21,3,31
30/04/21,89,12
30/04/21,39,7
30/04/21,59,24
30/04/21,20,18
30/04/21,20,13
30/04/21,5,1
30/04/21,21,22
30/04/21,5,3
30/04/21,82,32
30/04/21,239,2
31/05/21,47,28
31/05/21,22,22
31/05/21,211,15
31/05/21,87,19
31/05/21,6,3
31/05/21,11,29
31/05/21,61,24
31/05/21,186,16
31/05/21,12,4
31/05/21,38,7
31/05/21,0,31
31/05/21,212,8
31/05/21,62,21
31/05/21,120,12
31/05/21,7,1
31/05/21,252,2
31/05/21,54,23
31/05/21,96,32
31/05/21,37,6
31/05/21,250,11
31/05/21,39,27
31/05/21,17,13
31/05/21,98,17
31/05/21,14,18
31/05/21,180,14
31/05/21,96,30
31/05/21,52,20
31/05/21,146,26
31/05/21,63,25
31/05/21,10,5
31/05/21,100,9
31/05/21,14,10
30/06/21,181,8
30/06/21,57,21
30/06/21,119,26
30/06/21,62,24
30/06/21,110,12
30/06/21,98,19
30/06/21,241,2
30/06/21,7,1
30/06/21,3,31
30/06/21,3,3
30/06/21,9,22
30/06/21,75,32
30/06/21,199,11
30/06/21,33,27
30/06/21,10,10
30/06/21,174,15
30/06/21,144,14
30/06/21,43,25
30/06/21,63,9
30/06/21,12,13
30/06/21,56,20
30/06/21,47,28
30/06/21,90,17
30/06/21,10,29
30/06/21,42,6
30/06/21,5,4
30/06/21,48,23
30/06/21,80,30
30/06/21,167,16
30/06/21,47,7
30/06/21,19,18
30/06/21,14,5
31/07/21,9,29
31/07/21,90,17
31/07/21,87,32
31/07/21,35,28
31/07/21,14,22
31/07/21,38,7
31/07/21,28,27
31/07/21,198,8
31/07/21,7,10
31/07/21,6,1
31/07/21,40,6
31/07/21,7,31
31/07/21,144,14
31/07/21,56,20
31/07/21,252,2
31/07/21,7,4
31/07/21,82,30
31/07/21,83,9
31/07/21,186,15
31/07/21,12,18
31/07/21,242,11
31/07/21,3,3
31/07/21,14,5
31/07/21,188,16
31/07/21,158,26
31/07/21,108,19
31/07/21,77,21
31/07/21,41,24
31/07/21,94,12
31/07/21,40,23
31/07/21,15,13
31/07/21,47,25
31/08/21,25,7
31/08/21,102,32
31/08/21,100,19
31/08/21,9,1
31/08/21,4,31
31/08/21,36,6
31/08/21,138,26
31/08/21,4,3
31/08/21,126,14
31/08/21,65,20
31/08/21,196,16
31/08/21,235,2
31/08/21,8,5
31/08/21,15,4
31/08/21,18,18
31/08/21,93,30
31/08/21,195,8
31/08/21,78,9
31/08/21,69,21
31/08/21,11,22
31/08/21,6,10
31/08/21,196,15
31/08/21,56,28
31/08/21,25,13
31/08/21,75,17
31/08/21,94,12
31/08/21,7,29
31/08/21,41,25
31/08/21,41,27
31/08/21,217,11
31/08/21,56,24
31/08/21,60,23
30/09/21,17,18
30/09/21,83,17
30/09/21,84,30
30/09/21,54,25
30/09/21,54,23
30/09/21,221,11
30/09/21,14,5
30/09/21,153,14
30/09/21,4,1
30/09/21,97,12
30/09/21,39,6
30/09/21,34,27
30/09/21,15,10
30/09/21,69,21
30/09/21,31,13
30/09/21,119,32
30/09/21,123,26
30/09/21,60,20
30/09/21,14,29
30/09/21,5,31
30/09/21,50,28
30/09/21,89,19
30/09/21,38,24
30/09/21,32,7
30/09/21,195,2
30/09/21,9,4
30/09/21,183,16
30/09/21,202,15
30/09/21,16,22
30/09/21,70,9
30/09/21,143,8
30/09/21,4,3
31/10/21,11,10
31/10/21,64,21
31/10/21,70,19
31/10/21,23,27
31/10/21,0,3
31/10/21,58,28
31/10/21,101,17
31/10/21,46,25
31/10/21,12,1
31/10/21,239,11
31/10/21,14,18
31/10/21,102,12
31/10/21,220,15
31/10/21,20,13
31/10/21,14,22
31/10/21,107,32
31/10/21,43,24
31/10/21,39,7
31/10/21,7,5
31/10/21,51,23
31/10/21,13,29
31/10/21,144,14
31/10/21,149,8
31/10/21,205,16
31/10/21,101,30
31/10/21,1,31
31/10/21,75,20
31/10/21,38,6
31/10/21,176,2
31/10/21,59,9
31/10/21,136,26
31/10/21,4,4
30/11/21,52,20
30/11/21,196,2
30/11/21,102,32
30/11/21,2,1
30/11/21,9,29
30/11/21,115,14
30/11/21,19,22
30/11/21,38,24
30/11/21,216,11
30/11/21,20,13
30/11/21,22,7
30/11/21,78,30
30/11/21,0,3
30/11/21,1,4
30/11/21,152,8
30/11/21,20,18
30/11/21,110,12
30/11/21,9,10
30/11/21,78,21
30/11/21,44,19
30/11/21,17,27
30/11/21,199,15
30/11/21,78,9
30/11/21,30,6
30/11/21,37,28
30/11/21,53,23
30/11/21,39,25
30/11/21,184,16
30/11/21,13,5
30/11/21,92,17
30/11/21,121,26
30/11/21,0,31
31/12/21,217,16
31/12/21,97,19
31/12/21,80,32
31/12/21,30,7
31/12/21,9,5
31/12/21,66,21
31/12/21,135,26
31/12/21,78,12
31/12/21,9,3
31/12/21,72,9
31/12/21,10,18
31/12/21,18,13
31/12/21,90,30
31/12/21,7,4
31/12/21,64,20
31/12/21,156,14
31/12/21,183,2
31/12/21,4,31
31/12/21,7,29
31/12/21,7,10
31/12/21,23,27
31/12/21,39,23
31/12/21,40,25
31/12/21,208,15
31/12/21,39,6
31/12/21,39,28
31/12/21,219,11
31/12/21,14,22
31/12/21,171,8
31/12/21,9,1
31/12/21,96,17
31/12/21,38,24
31/01/22,82,30
31/01/22,17,22
31/01/22,32,25
31/01/22,5,29
31/01/22,34,28
31/01/22,28,27
31/01/22,131,26
31/01/22,29,23
31/01/22,4,31
31/01/22,40,24
31/01/22,100,32
31/01/22,194,11
31/01/22,9,10
31/01/22,60,21
31/01/22,9,18
31/01/22,4,3
31/01/22,190,15
31/01/22,123,14
31/01/22,90,19
31/01/22,45,9
31/01/22,200,2
31/01/22,11,5
31/01/22,5,4
31/01/22,28,7
31/01/22,76,17
31/01/22,24,13
31/01/22,32,6
31/01/22,84,12
31/01/22,6,1
31/01/22,54,20
31/01/22,203,16
31/01/22,114,8
28/02/22,53,24
28/02/22,52,20
28/02/22,208,16
28/02/22,148,15
28/02/22,112,8
28/02/22,37,7
28/02/22,35,23
28/02/22,45,9
28/02/22,56,32
28/02/22,23,28
28/02/22,8,10
28/02/22,11,29
28/02/22,56,30
28/02/22,67,17
28/02/22,88,21
28/02/22,181,11
28/02/22,83,12
28/02/22,3,1
28/02/22,91,26
28/02/22,12,22
28/02/22,58,6
28/02/22,15,13
28/02/22,4,4
28/02/22,150,2
28/02/22,7,5
28/02/22,17,18
28/02/22,103,19
28/02/22,3,3
28/02/22,29,25
28/02/22,119,14
28/02/22,5,31
28/02/22,22,27
31/03/22,3,3
31/03/22,91,17
31/03/22,11,5
31/03/22,82,6
31/03/22,38,7
31/03/22,10,29
31/03/22,3,22
31/03/22,60,20
31/03/22,2,31
31/03/22,56,9
31/03/22,200,16
31/03/22,84,12
31/03/22,5,1
31/03/22,112,26
31/03/22,3,4
31/03/22,26,13
31/03/22,243,11
31/03/22,187,2
31/03/22,20,27
31/03/22,40,25
31/03/22,14,18
31/03/22,76,21
31/03/22,85,32
31/03/22,7,10
31/03/22,78,30
31/03/22,216,15
31/03/22,27,28
31/03/22,50,24
31/03/22,81,19
31/03/22,108,8
31/03/22,121,14
31/03/22,47,23
30/04/22,77,30
30/04/22,16,5
30/04/22,11,18
30/04/22,111,8
30/04/22,70,6
30/04/22,113,26
30/04/22,24,13
30/04/22,187,11
30/04/22,23,27
30/04/22,40,25
30/04/22,115,14
30/04/22,11,10
30/04/22,41,23
30/04/22,58,9
30/04/22,30,28
30/04/22,51,24
30/04/22,193,16
30/04/22,37,7
30/04/22,18,29
30/04/22,105,17
30/04/22,83,32
30/04/22,178,15
30/04/22,92,19
30/04/22,98,12
30/04/22,87,21
30/04/22,2,1
30/04/22,1,31
30/04/22,2,4
30/04/22,15,22
30/04/22,3,3
30/04/22,194,2
30/04/22,59,20
31/05/22,50,25
31/05/22,51,23
31/05/22,15,22
31/05/22,77,30
31/05/22,38,28
31/05/22,5,3
31/05/22,10,29
31/05/22,28,27
31/05/22,72,32
31/05/22,231,11
31/05/22,12,5
31/05/22,167,16
31/05/22,86,20
31/05/22,22,18
31/05/22,66,24
31/05/22,30,7
31/05/22,206,15
31/05/22,153,8
31/05/22,90,21
31/05/22,148,14
31/05/22,135,26
31/05/22,11,10
31/05/22,35,13
31/05/22,129,19
31/05/22,213,2
31/05/22,99,17
31/05/22,68,9
31/05/22,89,12
31/05/22,74,6
31/05/22,4,1
31/05/22,6,31
31/05/22,11,4
30/06/22,66,17
30/06/22,55,6
30/06/22,8,5
30/06/22,3,3
30/06/22,57,20
30/06/22,28,7
30/06/22,30,13
30/06/22,223,11
30/06/22,11,22
30/06/22,47,23
30/06/22,2,31
30/06/22,159,16
30/06/22,13,29
30/06/22,163,8
30/06/22,230,2
30/06/22,119,26
30/06/22,168,15
30/06/22,53,9
30/06/22,127,19
30/06/22,35,25
30/06/22,62,30
30/06/22,40,28
30/06/22,8,1
30/06/22,120,12
30/06/22,62,21
30/06/22,11,10
30/06/22,77,32
30/06/22,150,14
30/06/22,9,4
30/06/22,54,24
30/06/22,11,18
30/06/22,24,27
31/07/22,229,2
31/07/22,63,9
31/07/22,142,14
31/07/22,93,17
31/07/22,11,10
31/07/22,72,21
31/07/22,66,20
31/07/22,35,25
31/07/22,4,31
31/07/22,36,28
31/07/22,26,27
31/07/22,35,7
31/07/22,176,8
31/07/22,134,16
31/07/22,238,11
31/07/22,40,24
31/07/22,185,15
31/07/22,9,4
31/07/22,8,29
31/07/22,13,5
31/07/22,70,30
31/07/22,120,19
31/07/22,47,6
31/07/22,2,3
31/07/22,13,22
31/07/22,25,13
31/07/22,121,26
31/07/22,116,12
31/07/22,10,18
31/07/22,84,32
31/07/22,7,1
31/07/22,46,23
31/08/22,9,1
31/08/22,4,31
31/08/22,11,10
31/08/22,31,25
31/08/22,9,18
31/08/22,22,27
31/08/22,29,7
31/08/22,183,8
31/08/22,71,32
31/08/22,141,16
31/08/22,6,5
31/08/22,9,22
31/08/22,46,24
31/08/22,97,20
31/08/22,46,28
31/08/22,86,30
31/08/22,49,23
31/08/22,114,26
31/08/22,81,21
31/08/22,16,13
31/08/22,3,3
31/08/22,76,17
31/08/22,180,15
31/08/22,126,14
31/08/22,1,4
31/08/22,66,9
31/08/22,153,19
31/08/22,76,12
31/08/22,63,6
31/08/22,197,11
31/08/22,12,29
31/08/22,205,2
30/09/22,72,30
30/09/22,112,12
30/09/22,7,4
30/09/22,119,19
30/09/22,37,24
30/09/22,147,8
30/09/22,78,21
30/09/22,53,9
30/09/22,6,3
30/09/22,203,2
30/09/22,29,28
30/09/22,121,26
30/09/22,67,32
30/09/22,27,27
30/09/22,47,25
30/09/22,234,15
30/09/22,10,18
30/09/22,65,20
30/09/22,140,14
30/09/22,23,7
30/09/22,14,5
30/09/22,238,11
30/09/22,136,16
30/09/22,20,22
30/09/22,8,29
30/09/22,85,17
30/09/22,3,31
30/09/22,61,23
30/09/22,9,10
30/09/22,67,6
30/09/22,8,1
30/09/22,17,13
31/10/22,24,27
31/10/22,8,1
31/10/22,167,14
31/10/22,53,23
31/10/22,4,31
31/10/22,69,30
31/10/22,12,10
31/10/22,108,17
31/10/22,3,3
31/10/22,102,12
31/10/22,17,29
31/10/22,60,9
31/10/22,244,11
31/10/22,127,19
31/10/22,99,32
31/10/22,8,4
31/10/22,24,13
31/10/22,202,15
31/10/22,223,2
31/10/22,30,25
31/10/22,26,28
31/10/22,154,16
31/10/22,40,24
31/10/22,76,6
31/10/22,16,22
31/10/22,11,18
31/10/22,71,21
31/10/22,112,26
31/10/22,154,8
31/10/22,10,5
31/10/22,92,20
31/10/22,22,7
30/11/22,33,24
30/11/22,83,12
30/11/22,132,14
30/11/22,61,20
30/11/22,24,13
30/11/22,15,4
30/11/22,17,22
30/11/22,75,9
30/11/22,2,31
30/11/22,8,10
30/11/22,230,11
30/11/22,87,19
30/11/22,61,21
30/11/22,98,32
30/11/22,7,29
30/11/22,175,2
30/11/22,55,6
30/11/22,18,27
30/11/22,35,7
30/11/22,26,28
30/11/22,8,5
30/11/22,124,8
30/11/22,107,26
30/11/22,0,3
30/11/22,7,18
30/11/22,163,15
30/11/22,4,1
30/11/22,134,16
30/11/22,60,30
30/11/22,89,17
30/11/22,52,23
30/11/22,31,25
31/12/22,35,25
31/12/22,90,12
31/12/22,7,10
31/12/22,29,27
31/12/22,163,26
31/12/22,89,32
31/12/22,6,1
31/12/22,14,13
31/12/22,228,11
31/12/22,88,21
31/12/22,86,17
31/12/22,77,20
31/12/22,120,14
31/12/22,37,24
31/12/22,11,29
31/12/22,27,28
31/12/22,2,31
31/12/22,59,6
31/12/22,51,23
31/12/22,111,8
31/12/22,140,16
31/12/22,18,22
31/12/22,19,18
31/12/22,13,5
31/12/22,67,9
31/12/22,13,4
31/12/22,100,19
31/12/22,4,3
31/12/22,190,2
31/12/22,35,7
31/12/22,187,15
31/12/22,67,30
31/01/23,9,5
31/01/23,5,1
31/01/23,124,16
31/01/23,108,19
31/01/23,99,17
31/01/23,124,26
31/01/23,10,4
31/01/23,4,29
31/01/23,214,11
31/01/23,123,12
31/01/23,15,22
31/01/23,63,6
31/01/23,74,21
31/01/23,47,23
31/01/23,3,3
31/01/23,78,30
31/01/23,20,13
31/01/23,13,18
31/01/23,130,14
31/01/23,39,24
31/01/23,140,8
31/01/23,9,10
31/01/23,2,31
31/01/23,26,28
31/01/23,216,15
31/01/23,175,2
31/01/23,21,27
31/01/23,77,20
31/01/23,42,25
31/01/23,41,7
31/01/23,62,9
31/01/23,95,32
28/02/23,64,21
28/02/23,102,14
28/02/23,9,22
28/02/23,85,19
28/02/23,113,26
28/02/23,142,2
28/02/23,54,9
28/02/23,109,12
28/02/23,8,18
28/02/23,1,3
28/02/23,9,5
28/02/23,18,27
28/02/23,4,4
28/02/23,186,15
28/02/23,47,30
28/02/23,8,10
28/02/23,50,23
28/02/23,7,1
28/02/23,23,7
28/02/23,119,16
28/02/23,69,32
28/02/23,63,20
28/02/23,82,17
28/02/23,40,24
28/02/23,31,25
28/02/23,10,29
28/02/23,23,28
28/02/23,150,8
28/02/23,22,13
28/02/23,229,11
28/02/23,43,6
28/02/23,2,31
31/03/23,152,2
31/03/23,9,4
31/03/23,31,28
31/03/23,118,26
31/03/23,22,27
31/03/23,17,29
31/03/23,2,31
31/03/23,38,7
31/03/23,162,8
31/03/23,5,3
31/03/23,8,5
31/03/23,82,9
31/03/23,12,1
31/03/23,7,10
31/03/23,63,6
31/03/23,64,30
31/03/23,232,11
31/03/23,51,23
31/03/23,17,22
31/03/23,94,19
31/03/23,14,13
31/03/23,73,32
31/03/23,59,20
31/03/23,115,12
31/03/23,114,16
31/03/23,116,17
31/03/23,116,14
31/03/23,54,25
31/03/23,9,18
31/03/23,69,21
31/03/23,181,15
31/03/23,35,24
30/04/23,98,17
30/04/23,7,29
30/04/23,125,16
30/04/23,7,10
30/04/23,111,12
30/04/23,39,24
30/04/23,58,23
30/04/23,23,13
30/04/23,31,28
30/04/23,115,8
30/04/23,205,15
30/04/23,59,9
30/04/23,123,14
30/04/23,25,27
30/04/23,40,25
30/04/23,43,7
30/04/23,219,11
30/04/23,66,6
30/04/23,165,2
30/04/23,73,32
30/04/23,6,31
30/04/23,5,18
30/04/23,60,21
30/04/23,121,19
30/04/23,6,1
30/04/23,79,30
30/04/23,10,5
30/04/23,76,26
30/04/23,8,4
30/04/23,66,20
30/04/23,3,3
30/04/23,18,22
31/05/23,4,31
31/05/23,8,5
31/05/23,65,9
31/05/23,156,14
31/05/23,2,1
31/05/23,22,27
31/05/23,80,21
31/05/23,44,25
31/05/23,193,2
31/05/23,179,15
31/05/23,44,28
31/05/23,77,20
31/05/23,106,19
31/05/23,45,24
31/05/23,18,22
31/05/23,36,7
31/05/23,67,32
31/05/23,3,3
31/05/23,12,4
31/05/23,83,30
31/05/23,91,17
31/05/23,12,18
31/05/23,14,29
31/05/23,63,23
31/05/23,173,8
31/05/23,7,10
31/05/23,78,6
31/05/23,121,16
31/05/23,234,11
31/05/23,12,13
31/05/23,111,12
31/05/23,85,26
30/06/23,13,29
30/06/23,192,15
30/06/23,24,13
30/06/23,10,1
30/06/23,133,8
30/06/23,9,27
30/06/23,30,7
30/06/23,1,3
30/06/23,112,16
30/06/23,66,32
30/06/23,74,30
30/06/23,74,9
30/06/23,53,6
30/06/23,8,4
30/06/23,183,2
30/06/23,84,17
30/06/23,43,25
30/06/23,3,31
30/06/23,138,14
30/06/23,47,28
30/06/23,57,23
30/06/23,22,22
30/06/23,10,5
30/06/23,110,12
30/06/23,11,18
30/06/23,81,26
30/06/23,89,20
30/06/23,7,10
30/06/23,105,19
30/06/23,37,24
30/06/23,261,11
30/06/23,97,21
31/07/23,217,11
31/07/23,59,20
31/07/23,187,2
31/07/23,39,24
31/07/23,106,17
31/07/23,6,4
31/07/23,70,6
31/07/23,1,3
31/07/23,143,16
31/07/23,22,28
31/07/23,48,7
31/07/23,147,8
31/07/23,17,13
31/07/23,83,26
31/07/23,201,15
31/07/23,14,22
31/07/23,116,19
31/07/23,2,31
31/07/23,59,9
31/07/23,16,27
31/07/23,103,14
31/07/23,39,32
31/07/23,5,1
31/07/23,44,23
31/07/23,73,30
31/07/23,11,18
31/07/23,63,21
31/07/23,47,25
31/07/23,9,10
31/07/23,16,5
31/07/23,10,29
31/07/23,125,12
31/08/23,36,28
31/08/23,22,27
31/08/23,181,11
31/08/23,9,1
31/08/23,50,7
31/08/23,162,8
31/08/23,11,5
31/08/23,8,10
31/08/23,133,12
31/08/23,182,15
31/08/23,99,26
31/08/23,4,31
31/08/23,107,19
31/08/23,80,20
31/08/23,15,22
31/08/23,41,25
31/08/23,13,18
31/08/23,54,32
31/08/23,70,21
31/08/23,50,23
31/08/23,14,13
31/08/23,97,14
31/08/23,39,24
31/08/23,61,9
31/08/23,65,30
31/08/23,200,2
31/08/23,0,3
31/08/23,6,29
31/08/23,118,16
31/08/23,7,4
31/08/23,144,17
31/08/23,75,6
30/09/23,5,10
30/09/23,12,5
30/09/23,19,13
30/09/23,6,29
30/09/23,26,28
30/09/23,78,21
30/09/23,110,17
30/09/23,74,30
30/09/23,49,32
30/09/23,134,14
30/09/23,45,25
30/09/23,58,9
30/09/23,136,19
30/09/23,11,22
30/09/23,68,20
30/09/23,7,4
30/09/23,35,24
30/09/23,78,6
30/09/23,41,23
30/09/23,7,1
30/09/23,112,16
30/09/23,176,2
30/09/23,135,12
30/09/23,3,31
30/09/23,1,3
30/09/23,237,11
30/09/23,22,27
30/09/23,214,15
30/09/23,42,7
30/09/23,7,18
30/09/23,75,26
30/09/23,160,8
31/10/23,12,18
31/10/23,193,11
31/10/23,5,29
31/10/23,76,30
31/10/23,10,5
31/10/23,9,4
31/10/23,87,26
31/10/23,1,3
31/10/23,14,22
31/10/23,61,6
31/10/23,60,7
31/10/23,120,16
31/10/23,60,23
31/10/23,123,17
31/10/23,42,32
31/10/23,102,12
31/10/23,131,8
31/10/23,169,15
31/10/23,186,2
31/10/23,113,19
31/10/23,4,1
31/10/23,61,9
31/10/23,15,27
31/10/23,1,31
31/10/23,32,25
31/10/23,73,20
31/10/23,122,14
31/10/23,28,28
31/10/23,24,13
31/10/23,63,21
31/10/23,3,10
31/10/23,35,24
30/11/23,16,13
30/11/23,69,9
30/11/23,105,14
30/11/23,70,6
30/11/23,121,12
30/11/23,8,22
30/11/23,0,3
30/11/23,127,19
30/11/23,3,29
30/11/23,50,32
30/11/23,61,30
30/11/23,9,1
30/11/23,7,18
30/11/23,18,27
30/11/23,55,23
30/11/23,29,25
30/11/23,68,21
30/11/23,10,4
30/11/23,10,5
30/11/23,2,10
30/11/23,121,17
30/11/23,78,20
30/11/23,189,2
30/11/23,94,26
30/11/23,46,7
30/11/23,146,8
30/11/23,179,15
30/11/23,183,11
30/11/23,22,24
30/11/23,27,28
30/11/23,2,31
30/11/23,112,16
31/12/23,24,28
31/12/23,120,19
31/12/23,63,20
31/12/23,11,29
31/12/23,54,30
31/12/23,9,1
31/12/23,43,7
31/12/23,12,18
31/12/23,4,4
31/12/23,150,15
31/12/23,129,17
31/12/23,106,12
31/12/23,140,8
31/12/23,28,24
31/12/23,6,10
31/12/23,44,25
31/12/23,66,21
31/12/23,3,5
31/12/23,24,27
31/12/23,53,23
31/12/23,118,16
31/12/23,3,31
31/12/23,18,22
31/12/23,32,32
31/12/23,70,6
31/12/23,168,2
31/12/23,14,13
31/12/23,99,26
31/12/23,120,14
31/12/23,181,11
31/12/23,5,3
31/12/23,75,9
31/01/24,161,8
31/01/24,135,14
31/01/24,19,24
31/01/24,59,21
31/01/24,24,32
31/01/24,173,2
31/01/24,191,15
31/01/24,117,17
31/01/24,59,6
31/01/24,8,10
31/01/24,11,4
31/01/24,7,5
31/01/24,0,3
31/01/24,29,28
31/01/24,111,19
31/01/24,51,25
31/01/24,110,12
31/01/24,216,11
31/01/24,5,29
31/01/24,51,23
31/01/24,4,31
31/01/24,135,16
31/01/24,6,1
31/01/24,45,7
31/01/24,68,20
31/01/24,17,13
31/01/24,57,30
31/01/24,52,9
31/01/24,12,18
31/01/24,13,22
31/01/24,20,27
31/01/24,85,26
29/02/24,3,1
29/02/24,60,20
29/02/24,50,30
29/02/24,113,19
29/02/24,4,4
29/02/24,130,17
29/02/24,3,31
29/02/24,12,22
29/02/24,76,26
29/02/24,187,2
29/02/24,9,18
29/02/24,64,21
29/02/24,4,3
29/02/24,125,12
29/02/24,3,10
29/02/24,21,28
29/02/24,52,7
29/02/24,10,29
29/02/24,39,24
29/02/24,41,23
29/02/24,122,8
29/02/24,111,16
29/02/24,33,32
29/02/24,106,14
29/02/24,70,9
29/02/24,174,15
29/02/24,39,6
29/02/24,185,11
29/02/24,40,27
29/02/24,38,25
29/02/24,6,5
29/02/24,14,13
31/03/24,66,7
31/03/24,118,16
31/03/24,6,3
31/03/24,19,22
31/03/24,209,11
31/03/24,69,30
31/03/24,51,6
31/03/24,183,15
31/03/24,28,28
31/03/24,95,19
31/03/24,91,12
31/03/24,34,24
31/03/24,123,8
31/03/24,4,31
31/03/24,128,14
31/03/24,78,9
31/03/24,28,13
31/03/24,64,20
31/03/24,12,1
31/03/24,57,27
31/03/24,77,21
31/03/24,31,25
31/03/24,166,2
31/03/24,7,29
31/03/24,53,23
31/03/24,10,18
31/03/24,2,10
31/03/24,89,26
31/03/24,31,32
31/03/24,123,17
31/03/24,5,5
31/03/24,8,4
30/04/24,134,8
30/04/24,48,23
30/04/24,4,31
30/04/24,73,9
30/04/24,124,16
30/04/24,166,15
30/04/24,7,3
30/04/24,9,18
30/04/24,24,24
30/04/24,11,22
30/04/24,89,6
30/04/24,118,14
30/04/24,30,32
30/04/24,10,4
30/04/24,114,12
30/04/24,75,20
30/04/24,73,30
30/04/24,13,29
30/04/24,6,10
30/04/24,194,2
30/04/24,90,26
30/04/24,32,25
30/04/24,123,19
30/04/24,161,17
30/04/24,5,5
30/04/24,75,7
30/04/24,23,13
30/04/24,229,11
30/04/24,83,27
30/04/24,9,1
30/04/24,32,28
30/04/24,75,21
31/05/24,169,19
31/05/24,38,28
31/05/24,12,5
31/05/24,183,2
31/05/24,93,26
31/05/24,5,31
31/05/24,164,8
31/05/24,6,4
31/05/24,130,14
31/05/24,82,9
31/05/24,77,20
31/05/24,13,1
31/05/24,74,27
31/05/24,111,17
31/05/24,89,21
31/05/24,41,25
31/05/24,31,13
31/05/24,5,10
31/05/24,37,24
31/05/24,109,12
31/05/24,10,29
31/05/24,174,15
31/05/24,14,22
31/05/24,121,16
31/05/24,33,32
31/05/24,8,3
31/05/24,75,6
31/05/24,11,18
31/05/24,66,7
31/05/24,65,30
31/05/24,60,23
31/05/24,177,11
30/06/24,42,25
30/06/24,41,24
30/06/24,55,27
30/06/24,160,8
30/06/24,13,1
30/06/24,48,23
30/06/24,210,11
30/06/24,171,2
30/06/24,66,21
30/06/24,74,20
30/06/24,137,14
30/06/24,13,22
30/06/24,6,4
30/06/24,141,12
30/06/24,113,26
30/06/24,112,16
30/06/24,1,31
30/06/24,5,3
30/06/24,41,28
30/06/24,8,10
30/06/24,53,7
30/06/24,39,32
30/06/24,174,15
30/06/24,75,30
30/06/24,71,6
30/06/24,29,13
30/06/24,170,19
30/06/24,61,9
30/06/24,107,17
30/06/24,10,5
30/06/24,7,29
30/06/24,9,18
31/07/24,120,26
31/07/24,92,16
31/07/24,54,27
31/07/24,7,10
31/07/24,13,29
31/07/24,62,23
31/07/24,78,20
31/07/24,66,21
31/07/24,79,30
31/07/24,7,18
31/07/24,38,25
31/07/24,24,13
31/07/24,18,1
31/07/24,98,17
31/07/24,29,32
31/07/24,129,12
31/07/24,64,6
31/07/24,64,9
31/07/24,7,5
31/07/24,28,24
31/07/24,153,15
31/07/24,4,3
31/07/24,57,7
31/07/24,147,8
31/07/24,206,11
31/07/24,183,2
31/07/24,155,19
31/07/24,5,31
31/07/24,29,28
31/07/24,146,14
31/07/24,5,4
31/07/24,18,22
31/08/24,148,12
31/08/24,25,28
31/08/24,10,5
31/08/24,39,25
31/08/24,198,11
31/08/24,90,26
31/08/24,13,29
31/08/24,62,7
31/08/24,58,30
31/08/24,6,10
31/08/24,179,2
31/08/24,152,15
31/08/24,60,9
31/08/24,16,13
31/08/24,14,22
31/08/24,66,27
31/08/24,88,17
31/08/24,14,18
31/08/24,113,14
31/08/24,85,20
31/08/24,67,21
31/08/24,58,6
31/08/24,131,8
31/08/24,11,1
31/08/24,3,3
31/08/24,88,16
31/08/24,21,24
31/08/24,36,32
31/08/24,162,19
31/08/24,46,23
31/08/24,2,31
31/08/24,13,4
30/09/24,87,16
30/09/24,79,30
30/09/24,10,1
30/09/24,191,2
30/09/24,8,3
30/09/24,4,4
30/09/24,12,5
30/09/24,60,6
30/09/24,49,7
30/09/24,133,8
30/09/24,72,9
30/09/24,5,10
30/09/24,233,11
30/09/24,98,12
30/09/24,23,13
30/09/24,3,31
30/09/24,114,14
30/09/24,87,17
30/09/24,15,18
30/09/24,150,19
30/09/24,90,20
30/09/24,96,21
30/09/24,15,22
30/09/24,49,23
30/09/24,29,24
30/09/24,103,25
30/09/24,107,26
30/09/24,60,27
30/09/24,23,28
30/09/24,13,29
30/09/24,163,15
30/09/24,25,32